amfi_code,avg_sharpe
120843,1.6396300785396858
148567,1.6199324258646537
119551,1.3891283497701619
